INSERT INTO SAP.CREDIT (ID, CREDIT_HOURS)
VALUES (1, 1.0);
INSERT INTO SAP.CREDIT (ID, CREDIT_HOURS)
VALUES (2, 2.0);
INSERT INTO SAP.CREDIT (ID, CREDIT_HOURS)
VALUES (3, 1.5);
INSERT INTO SAP.TEACHER (ID, NAME, RANK)
VALUES (1, 'Pesho', 'PROFESSOR');
INSERT INTO SAP.TEACHER (ID, NAME, RANK)
VALUES (2, 'Nade', 'DOCENT');
INSERT INTO SAP.TEACHER (ID, NAME, RANK)
VALUES (3, 'Karamfil', 'ASSISTANT');
INSERT INTO SAP.TEACHER (ID, NAME, RANK)
VALUES (4, 'Bozman', 'ASSISTANT');
INSERT INTO SAP.TEACHER (ID, NAME, RANK)
VALUES (5, 'Gosho', 'ASSISTANT');
INSERT INTO SAP.TEACHER (ID, NAME, RANK)
VALUES (6, 'Tosho', 'ASSISTANT');
INSERT INTO SAP.COURSE (ID, NAME, TEACHER_ID, CREDIT_ID)
VALUES (1, 'Math', '1', '3');
INSERT INTO SAP.COURSE (ID, NAME, TEACHER_ID, CREDIT_ID)
VALUES (2, 'Lathin', '2', '2');
INSERT INTO SAP.COURSE (ID, NAME, TEACHER_ID, CREDIT_ID)
VALUES (3, 'English', '2', '1');
INSERT INTO SAP.COURSE (ID, NAME, TEACHER_ID, CREDIT_ID)
VALUES (4, 'German', '4', '3');
INSERT INTO SAP.COURSE (ID, NAME, TEACHER_ID, CREDIT_ID)
VALUES (5, 'Spanish', '6', '2');
INSERT INTO SAP.COURSE (ID, NAME, TEACHER_ID, CREDIT_ID)
VALUES (6, 'Medicine', '6', '3');
INSERT INTO SAP.COURSE (ID, NAME, TEACHER_ID, CREDIT_ID)
VALUES (7, 'Football', '5', '1');
INSERT INTO SAP.STUDENT (ID, NAME, ACADEMIC_YEAR)
VALUES (1, 'Alex', 'ONE');
INSERT INTO SAP.STUDENT (ID, NAME, ACADEMIC_YEAR)
VALUES (2, 'Denski', 'FOUR');
INSERT INTO SAP.STUDENT (ID, NAME, ACADEMIC_YEAR)
VALUES (3, 'Kalina', 'TWO');
INSERT INTO SAP.STUDENT (ID, NAME, ACADEMIC_YEAR)
VALUES (4, 'Mario', 'TWO');
INSERT INTO SAP.STUDENT (ID, NAME, ACADEMIC_YEAR)
VALUES (5, 'BenJ', 'THREE');
INSERT INTO SAP.STUDENT_COURSE (STUDENT_ID, COURSE_ID)
VALUES (1, 1);
INSERT INTO SAP.STUDENT_COURSE (STUDENT_ID, COURSE_ID)
VALUES (1, 2);
INSERT INTO SAP.STUDENT_COURSE (STUDENT_ID, COURSE_ID)
VALUES (1, 3);
INSERT INTO SAP.STUDENT_COURSE (STUDENT_ID, COURSE_ID)
VALUES (2, 3);
INSERT INTO SAP.STUDENT_COURSE (STUDENT_ID, COURSE_ID)
VALUES (2, 2);
INSERT INTO SAP.STUDENT_COURSE (STUDENT_ID, COURSE_ID)
VALUES (3, 1);
INSERT INTO SAP.STUDENT_COURSE (STUDENT_ID, COURSE_ID)
VALUES (3, 3);
INSERT INTO SAP.STUDENT_COURSE (STUDENT_ID, COURSE_ID)
VALUES (4, 1);
INSERT INTO SAP.STUDENT_COURSE (STUDENT_ID, COURSE_ID)
VALUES (5, 2);
INSERT INTO SAP.STUDENT_COURSE (STUDENT_ID, COURSE_ID)
VALUES (5, 3);
INSERT INTO SAP.STUDENT_COURSE (STUDENT_ID, COURSE_ID)
VALUES (5, 6);
INSERT INTO SAP.STUDENT_COURSE (STUDENT_ID, COURSE_ID)
VALUES (5, 4);
INSERT INTO SAP.STUDENT_COURSE (STUDENT_ID, COURSE_ID)
VALUES (5, 5);
INSERT INTO SAP.STUDENT_COURSE (STUDENT_ID, COURSE_ID)
VALUES (3, 6);
INSERT INTO SAP.STUDENT_COURSE (STUDENT_ID, COURSE_ID)
VALUES (3, 5);
INSERT INTO SAP.STUDENT_COURSE (STUDENT_ID, COURSE_ID)
VALUES (1, 6);
INSERT INTO SAP.STUDENT_COURSE (STUDENT_ID, COURSE_ID)
VALUES (2, 4);
INSERT INTO SAP.STUDENT_COURSE (STUDENT_ID, COURSE_ID)
VALUES (2, 5);